{
  "samples": 18,
  "retrieval_hit_rate": 0.6666666666666666,
  "mean_token_f1": 0.5633074935400517,
  "judge_accuracy": 0.5555555555555556,
  "mean_judge_score": 3.2222222222222223,
  "ragas": {
    "skipped": "Set RUN_RAGAS=1 to enable the slower Ragas pass."
  }
}
